,TCGA-55-6982-01A-11R-1949-07,TCGA-62-8397-01A-11R-2326-07,TCGA-62-8402-01A-11R-2326-07,TCGA-49-4501-01A-01R-1206-07,TCGA-50-6597-01A-11R-1858-07,TCGA-38-4628-01A-01R-1206-07,TCGA-44-2661-01A-01R-1107-07,TCGA-97-A4M6-01A-11R-A24X-07,TCGA-55-6986-01A-11R-1949-07,TCGA-78-7540-01A-11R-2066-07,TCGA-50-6673-01A-11R-1949-07,TCGA-62-A46Y-01A-11R-A24H-07,TCGA-05-5715-01A-01R-1628-07,TCGA-71-8520-01A-11R-2403-07,TCGA-78-7143-01A-11R-2039-07,TCGA-86-8280-01A-11R-2287-07,TCGA-99-8033-01A-11R-2241-07,TCGA-86-8278-01A-11R-2287-07,TCGA-97-8552-01A-11R-2403-07,TCGA-67-6216-01A-11R-1755-07,TCGA-67-3772-01A-01R-0946-07,TCGA-86-A4P8-01A-11R-A24X-07,TCGA-97-8547-01A-11R-2403-07,TCGA-91-8496-01A-11R-2403-07,TCGA-44-3919-01A-02R-1107-07,TCGA-86-7953-01A-11R-2187-07,TCGA-05-4402-01A-01R-1206-07,TCGA-62-8395-01A-11R-2326-07,TCGA-91-8497-01A-11R-2403-07,TCGA-55-7816-01A-11R-2170-07,TCGA-86-A4P7-01A-11R-A24X-07,TCGA-55-8505-01A-11R-2403-07,TCGA-86-7713-01A-11R-2066-07,TCGA-86-7955-01A-11R-2187-07,TCGA-55-6980-01A-11R-1949-07,TCGA-55-6978-01A-11R-1949-07,TCGA-93-A4JP-01A-11R-A24X-07,TCGA-05-5429-01A-01R-1628-07,TCGA-35-3615-01A-01R-0946-07,TCGA-50-5066-01A-01R-1628-07,TCGA-86-8279-01A-11R-2287-07,TCGA-69-7760-01A-11R-2170-07,TCGA-86-6562-01A-11R-1755-07,TCGA-95-8039-01A-11R-2241-07,TCGA-55-7815-01A-11R-2170-07,TCGA-86-8672-01A-21R-2403-07,TCGA-55-8206-01A-11R-2241-07,TCGA-86-8076-01A-31R-2241-07,TCGA-86-7701-01A-11R-2170-07,TCGA-86-8585-01A-11R-2403-07
ENSG00000067646,0,0,0,0,0,0,1,0,0,0,0,1,0,0,3,2,0,0,0,0,1,3,0,0,0,1,0,1,0,3,2,335,1824,808,442,1080,1031,424,1436,193,531,274,171,1035,531,95,2236,1168,257,374
ENSG00000114374,0,0,1,1,0,0,0,1,0,1,0,2,0,0,2,6,6,0,4,0,1,4,0,2,0,1,2,1,0,3,1,541,5980,1600,535,1199,1917,261,3635,167,797,599,203,3598,935,210,6093,2161,384,1471
ENSG00000183878,0,2,1,0,0,0,0,0,0,0,0,4,0,0,0,12,3,0,0,0,0,1,0,1,0,0,0,2,0,2,0,233,6839,645,455,815,1231,464,1393,210,514,391,175,1415,541,92,4720,1308,297,604
ENSG00000198692,0,2,4,0,0,0,0,1,0,1,0,6,0,2,1,2,1,1,1,0,1,0,0,0,0,1,0,0,0,1,0,334,907,1361,185,1021,1000,529,1737,435,790,578,207,1946,781,157,1198,1446,325,829
ENSG00000129824,1,16,10,6,0,5,2,4,1,3,0,39,2,0,18,60,30,0,1,0,11,5,1,4,3,12,14,12,3,19,5,2630,15928,7937,6079,5720,4821,8325,47604,3381,7285,6109,2021,22594,4661,1446,18424,28648,2241,4238
ENSG00000067048,2,4,6,2,0,2,1,1,2,0,0,9,0,1,7,15,5,1,2,0,3,3,0,1,0,3,0,5,0,2,0,992,6936,2273,1164,2953,3372,612,2868,475,2736,1530,836,3830,1427,452,9442,3576,925,2315
ENSG00000012817,0,8,6,2,2,0,1,1,0,0,0,2,0,2,3,12,3,2,0,0,1,2,0,3,2,7,0,2,2,1,2,1022,4057,2763,431,1848,3155,568,3318,290,1819,599,421,3973,1153,682,4821,3122,859,4803
ENSG00000131002,0,1,2,0,0,0,0,5,2,0,0,7,0,0,1,8,3,0,1,1,0,4,0,3,0,1,0,1,0,4,1,555,2491,1376,203,1206,1982,616,3187,468,865,1115,197,3382,1341,242,2925,1858,686,1687
ENSG00000176728,0,0,1,0,0,0,0,0,0,0,0,0,0,0,0,1,1,0,0,0,0,0,0,0,0,0,0,0,0,1,1,55,208,181,12,67,118,110,490,15,212,109,13,497,63,8,232,239,11,227
ENSG00000099725,0,0,5,1,0,0,0,0,2,3,0,1,0,0,0,4,6,1,0,0,1,7,0,0,0,0,0,0,0,4,0,205,1991,385,406,669,908,178,1190,86,487,153,111,1093,227,131,1890,669,226,539
ENSG00000234854,0,0,0,0,0,0,0,0,0,0,0,2,0,0,0,1,0,0,0,0,0,0,0,0,0,0,0,0,0,0,0,1,2150,0,0,0,2,0,0,0,2,1,0,0,2,0,0,61,523,0
ENSG00000165246,0,1,2,0,1,0,0,0,0,0,19,1,0,0,1,1,1,0,1,0,0,1,0,0,0,0,0,0,0,2,1,121,49,114,136,533,380,41,122,49,236,220,166,868,348,73,1108,395,148,58
ENSG00000260197,0,0,0,0,0,0,0,0,0,0,1,0,0,0,0,0,1,0,0,0,0,0,0,0,0,0,0,0,0,0,0,13,68,25,24,61,158,9,78,6,32,29,16,142,27,16,118,62,35,49
ENSG00000262117,0,0,0,0,1,11,0,0,0,1,0,0,1,0,0,3,0,0,0,1,0,0,1,2,0,2,22,1,1,0,1,0,5,3413,6,0,517,1223,0,8,25,0,0,0,0,2,0,0,0,586
ENSG00000273906,0,0,0,0,0,0,0,0,0,0,0,1,0,0,0,1,0,0,0,0,0,0,0,0,0,0,0,1,0,0,0,62,505,5,27,8,87,6,275,0,190,146,2,67,28,1,449,100,21,2
ENSG00000206159,0,0,2,0,0,0,0,0,0,0,0,0,0,0,0,1,1,0,0,0,0,0,0,0,0,0,0,0,0,1,0,36,143,45,64,25,57,97,309,6,38,51,4,173,11,0,504,57,5,20
ENSG00000092377,0,0,0,0,0,0,0,0,0,0,0,1,0,0,1,0,0,0,0,0,0,0,0,0,0,1,0,0,0,0,0,16,165,0,6,3,32,2,131,1,32,12,1,22,8,0,435,28,1,0
ENSG00000241859,0,0,0,0,0,0,0,1,0,0,0,0,0,0,1,0,0,0,0,0,1,1,0,0,0,0,1,0,0,1,0,14,82,15,35,47,86,14,18,3,42,20,1,66,17,0,320,18,6,47
ENSG00000109132,0,0,0,0,0,0,0,0,0,0,1,0,0,0,2,1,15,0,0,0,0,1,0,0,1,0,0,2,0,0,0,0,2330,5,0,0,1,0,0,0,0,1,0,1,0,1,0,55,80,134
ENSG00000105141,1,0,0,0,0,0,0,1,0,2,14,0,0,0,1,1,2,0,0,0,0,1,0,1,0,0,102,0,0,1,0,76,2,7410,3,0,120,21,0,1,467,0,0,0,0,2,0,0,0,19
ENSG00000215580,0,0,1,0,0,0,0,0,0,0,0,0,0,0,0,0,0,0,0,0,0,0,0,2,0,1,0,0,1,1,0,3,7,1,3,27,20,1,28,22,4,3,4,42,16,13,35,33,29,124
ENSG00000227234,0,0,0,0,0,0,0,1,0,14,0,0,0,1,0,2,0,0,0,1,1,2,2,1,0,1,5,0,0,25,0,1659,0,35,1,2,0,0,0,140,0,0,0,0,0,2,0,0,0,2660
ENSG00000002745,4,3,5,56,16,5,40,15,4,9,0,6,1,5,14,30,4,5,11,8,7,2,8,0,13,14,15,6,20,18,13,4,7,47,5,51,11,7,8,119,9,12,13,6,9,5,4,19,9155,4
ENSG00000169297,1,0,3,0,0,0,5,1,0,0,0,1,0,0,0,19,0,0,0,1,0,0,0,0,0,4,6,0,1,2,0,304,1,4,0,25,5,0,137,565,2,0,1,0,0,969,0,27,1,0
ENSG00000260458,1,0,1,0,0,0,0,0,0,0,2,0,1,0,0,0,2,2,2,0,0,0,0,0,0,3,0,1,0,0,0,58,0,0,0,0,87,0,1,0,0,0,0,0,0,3,0,3,1,369
ENSG00000179914,2,5,13,175,12,194,152,18,908,60,352,40,510,30,27,20,6,10,83,11,22,150,3,71,13,33,23,12,13,915200,145,4,12,2,13,6,66,43,28,5,14,3,47,27,11,2,96,67,4,8
ENSG00000229807,586,1614,49582,1323,74,216,3538,4692,1390,813,2096,5959,348,2305,5193,3050,2216,15907,8214,6918,749,12667,1522,2869,4806,10617,2622,8569,6510,14604,12283,6,1,1,3,6,4,0,7,0,15,28,6,16,1,0,4,281,0,3
ENSG00000154478,1,0,102,0,0,0,2,1,1,0,2,0,1,0,0,1,0,1,0,0,1,2,3,0,0,15079,0,1,1,7,0,0,0,0,0,0,6,1,0,2,1,0,2,1,0,2,1,0,0,0
ENSG00000166049,0,0,0,0,0,0,0,0,0,0,1949,0,4,0,0,0,1,2,0,1,0,0,0,0,1,0,25,0,0,1,0,0,0,0,0,0,2,0,0,0,0,0,0,1,0,0,0,0,0,1
ENSG00000139219,1,0,17794,52,8,208,5,38,1,0,2,2,3,125,4,54,216,4,6,1,4,6,5,1,3,4,108,16,65,6,3,4,71,2,4,6,3,5,0,2,14,5,12,17,0,3,3,6,1,7
ENSG00000170370,1,0,0,5,0,12,0,0,0,0,1,1,1,2,0,1,1,2,0,1,6,0,4,0,0,4,0,0,1,90,0,1,0,0,0,1,0,0,0,0,0,0,0,0,2,5,2,2,1,0
ENSG00000175766,0,0,0,1,1,0,0,0,0,0,6,3,0,0,30,3,3,19,6,2,0,0,452,22,1,0,1,0,0,16,5,0,0,0,4,1,0,0,0,0,3,0,1,2,0,0,0,0,0,1
ENSG00000183166,1,0,0,4,0,8,1,2,4,0,1,0,1,6,0,2,2,3,3,0,2,14,2,0,1,5,3,1,0,8,6,0,1,0,1,1,15,0,3,0,1,0,1,4,0,1,5,0,0,0
ENSG00000242366,0,0,7,34,1,0,0,0,0,6,2282,2,1123,0,0,0,3,4,1,0,1,0,241,0,9,0,29,0,1,0,0,3,2,0,0,0,0,17,0,0,0,1,0,0,0,0,0,0,0,0
ENSG00000238269,0,0,0,0,3,0,1,0,1,0,1,2,0,0,1,1,1,0,1,0,0,1,2,0,3,0,168,0,0,0,0,2,0,1,0,0,0,0,0,0,1,0,1,2,0,0,0,0,1,0
ENSG00000157851,1,0,0,18,0,3,1,1,1,9,0,0,0,0,2,4,3,1,1,1,4,1,1,2,0,22,1,2,0,0,0,0,0,0,2,0,1,0,1,2,0,6,0,0,4,1,1,1,0,1
ENSG00000229847,0,0,0,7,0,2,2,0,1,1,1,0,1,4,2,4,3,2,0,1,3,0,6,3,0,6,0,1,0,246,0,3,1,0,0,1,2,1,0,2,3,0,9,1,0,9,3,1,0,1
ENSG00000136110,3,1,1,126,73,1732,4,12,1,5,1,2,18,1,0,8,0,27,119,57,1602,25,0,4,0,40,6,2,194,0,103,1,1,0,0,0,6,2,1,4,14,493,1,3,2,0,19,27,1,0
ENSG00000177108,0,0,992,12,1,28,0,1,6,0,2,1,0,8,0,2,0,2,2,0,2,7,0,0,0,2,0,1,10,0,5,1,1,0,0,1,0,0,2,0,1,0,1,1,0,0,1,1,1,0
ENSG00000248300,0,0,0,1,0,0,0,0,1,0,0,0,1,1,0,1,0,2,1,0,0,1,0,1,2,2,1,0,4,514,0,0,0,0,1,0,1,1,0,0,0,0,0,1,0,0,0,0,0,0
ENSG00000142515,0,0,0,3,0,1,0,0,0,3,0,0,0,2,9,0,0,0,1,1,0,2,0,0,0,152,0,1,8,0,1,0,1,0,0,0,1,1,0,0,0,2,1,1,0,1,1,2,1,0
ENSG00000125255,0,18,2,33,0,0,4,0,2,2,2,0,24,2,0,30,0,0,2,0,0,3,0,1,4,6,3,1,18,0,4,0,0,2,1,4,0,8,1,15,2,0,2,0,0,0,5,1,1,0
ENSG00000230805,0,0,94,0,0,0,0,1,0,0,0,0,0,0,1,0,0,0,1,0,0,0,0,0,0,0,0,0,2,0,0,0,0,0,0,0,0,0,0,0,0,0,0,0,0,0,0,0,0,0
ENSG00000270816,0,0,3,5,0,1,0,2,0,0,437,0,0,0,3,2,1,6,0,2,1,1,0,0,2,1,674,1,0,21,1,0,0,0,0,1,11,0,0,3,0,0,1,1,0,0,0,7,4,0
ENSG00000161055,2119,84,5706,25195,538,29154,20563,1565,1381,220,1974,7760,766,192,8104,39974,715,145,109471,4451,51508,14823,68,1217809,32349,519,9158,3678,19146,88,6708,37,155,155,987,622,651,674,1456,1321,2503,21,1888,2643,2,49,10212,9992,229,2373
ENSG00000092054,10,0,19,1,3,1,2,9,0,0,28,5,5,0,1,4,1,1,6,0,1,1,0,0,10,1,5,3,0,6,0,0,3,2,0,5,0,2,1,1,0,1,1,15,0,1,2,10,0,1
ENSG00000253593,0,533,1,24,0,1,223,2,2,2,21,3,3,5,1,13,1,328,0,245,96,148,0,21,3,5,0,18,2,8,6,4,1,1,3,1,0,0,4,10,2,2,0,8,2,4,11,4,2,2
ENSG00000152092,2,6,0,78,6,1,7,23,15,7,8,2,2,5,4,21,1,32,11,12,12,10,5,2,26,9,11,21,41,2574,8,0,2,3,4,4,15,1,4,11,1,5,3,12,0,0,42,10,5,1
ENSG00000169594,1,1,3,81,0,5,14,1,51,12,5,5,0,4,8,25,8,3,3,80,9,2,4,3,2,2,36,4,3,19682,6,10,0,0,5,40,6,8,0,2,2,29,4,8,2,1,13,6,5,4
ENSG00000204248,17,37,48,79,239,29,25,115,7,31,9,41,4,38,98,141,462,238,107,34,15,242,35,5,39,47,112,87,59,43,113,51,30,37,13,34,124,5,24,40,148,61,5,80,0,56,145,68,4,44
